data,dia_semana,clientes,feriado,ponte,periodo_ordenado,tem_jogo,jogo_futebol,choveu,temperatura,mes,estacao,SOPA DO DIA,CALDINHO CAMARÃO,PÃO,MANTEIGAS/PATÊS,PÃO TORRADO,AMEIJOA (DOSE),CAMARÃO FRITO,PRATO CAMARÃO,PICA-PAU,BITOQUE VACA,BITOQUE PORCO,BIFE NOVILHO,BIFE À INGLESA,PREGO NO PÃO,PREGO NO PÃO C/ QUEIJO,PREGO NO PÃO C/ FIAMBRE,PREGO NO PÃO C/ OVO,PREGO NO PÃO C/ BACON,PREGO NO PÃO MISTO C/ OVO,PREGO NO PÃO ESPECIAL,PREGO NO PÃO C/ CEBOLA,OMELETE SIMPLES,OMELETE CAMARÃO,OMELETE FIAMBRE,OMELETE QUEIJO,OMELETE MISTA,BATATA (DOSE),ARROZ (DOSE),SALADA (ALFACE OU TOMATE),SALADA (MISTA),MOUSSE CHOCOLATE,DOCE DA CASA,BABA DE CAMELO,PUDIM,LEITE CREME,SALADA DE FRUTAS,VINHO VERDE (JARRO ½ L),VINHO VERDE (JARRO 1 L),VINHO VERDE (COPO),VINHO TINTO (JARRO ½ L),VINHO TINTO (JARRO 1 L),VINHO TINTO (COPO),EA (PEQUENA),EA (GRANDE),BORBA (PEQUENA),BORBA (GRANDE),MARQUÊS DE BORBA,MONTE DE PINHEIROS (BAT),ÁGUA,ÁGUA C/ SABORES,COCA-COLA,SUMOL ANANÁS,SUMOL LARANJA,NECTAR,BI,GUARANÁ,7 UP,SAGRES (MÉDIA),IMPERIAL,SUPER BOCK (MÉDIA),SUPER BOCK STOUT (MÉDIA),CERVEJA S/ ALCOOL,GRANTS ½,GRANTS 1,FAMOUS ½,FAMOUS 1,JAMESON ½,JAMESON 1,JB ½,JB 1,ROCHEDO,MACIEIRA ½,MACIEIRA 1,MONTES DE SAUDADE ½,MONTES DE SAUDADE 1,LICOR BEIRÃO ½,LICOR BEIRÃO 1,AMÊNDOA AMARGA
2025-08-01,Friday,47,N,N,Y,N,N,N,18,8,Verão,7,7,4,8,8,7,2,3,5,9,5,6,6,5,12,11,14,9,4,8,13,7,12,8,11,6,2,2,7,6,6,9,8,2,9,6,0,2,3,0,3,0,2,2,2,0,0,4,5,6,7,8,7,5,7,4,3,7,4,6,4,6,9,6,6,7,2,2,6,6,7,8,3,2,4,2,9,3
2025-08-02,Saturday,88,N,N,Y,N,N,N,22,8,Verão,16,4,17,5,15,4,12,15,12,9,19,8,13,20,23,17,11,9,9,21,12,10,8,11,14,17,8,9,5,10,14,4,13,7,17,4,6,7,7,4,5,4,6,2,1,4,4,5,16,5,10,11,14,17,6,11,11,16,17,6,10,15,12,10,11,13,6,14,13,7,16,13,16,4,10,12,4,11
2025-08-03,Sunday,139,N,N,Y,Y,Benfica vs Porto,Y,18,8,Verão,9,10,25,17,33,8,26,14,12,26,21,22,25,16,21,16,35,37,37,32,29,17,31,40,25,23,14,15,9,10,6,20,27,10,26,20,9,11,13,11,4,2,7,3,4,9,4,23,11,27,6,17,27,25,6,13,25,9,6,17,8,15,7,17,22,18,19,21,7,9,20,20,26,17,16,21,20,19
2025-08-04,Monday,63,N,N,Y,N,N,N,9,8,Verão,7,11,18,6,16,4,4,12,11,12,14,8,11,6,15,16,18,14,9,16,18,6,11,8,9,13,9,12,9,5,12,3,7,10,6,8,1,5,6,3,1,4,6,6,6,5,2,9,8,3,7,9,10,4,8,8,7,4,3,8,4,6,10,6,11,3,6,11,9,7,6,6,7,10,9,12,12,10
2025-08-05,Tuesday,44,N,N,Y,N,N,N,14,8,Verão,2,5,13,8,12,4,3,8,3,9,12,8,4,9,5,4,10,10,13,4,11,12,10,10,7,12,2,6,6,3,5,2,6,3,4,6,3,1,1,2,1,4,1,4,4,4,2,4,6,3,5,7,6,5,5,6,4,5,8,3,6,4,2,4,4,8,8,7,8,4,6,6,8,8,7,2,8,2
2025-08-06,Wednesday,66,N,N,N,N,N,Y,30,8,Verão,10,9,12,7,15,4,6,10,5,7,18,3,10,19,14,17,9,17,6,7,14,7,8,12,11,19,4,11,3,5,6,6,4,8,5,3,3,6,4,6,2,4,4,4,5,6,5,7,7,7,7,7,5,5,5,13,11,13,7,9,12,7,11,4,9,5,12,5,10,5,13,10,8,9,3,13,9,7
2025-08-07,Thursday,41,N,N,N,N,N,N,8,8,Verão,8,8,10,5,4,6,8,2,8,12,4,7,2,8,5,9,10,12,4,12,4,8,9,11,5,10,2,6,2,5,3,8,2,5,5,2,4,4,3,0,0,3,4,3,0,4,2,3,3,3,5,2,7,2,6,8,7,4,2,8,4,6,5,8,5,3,2,6,7,5,8,4,2,5,4,3,5,8
2025-08-08,Friday,66,N,N,N,N,N,N,30,8,Verão,11,6,15,10,17,11,11,9,12,19,9,9,13,10,14,8,8,19,15,17,10,19,10,7,15,13,6,10,9,4,13,5,12,10,5,6,3,1,4,3,6,3,4,4,4,5,4,7,11,4,7,5,10,7,12,13,12,6,4,8,4,4,4,9,3,8,3,12,12,6,7,4,8,8,10,9,7,10
2025-08-09,Saturday,105,N,N,N,N,N,N,28,8,Verão,12,11,27,8,13,18,11,18,19,30,19,18,20,15,14,15,15,30,20,24,16,12,30,15,12,25,11,14,5,6,11,17,14,7,18,5,5,7,8,5,9,5,5,6,8,9,7,9,14,21,12,7,15,21,7,16,12,19,16,21,13,20,16,13,5,9,17,10,8,7,12,20,10,15,16,15,6,8
2025-08-10,Sunday,150,N,N,N,Y,Sporting vs Braga,Y,23,8,Verão,10,13,30,22,22,20,9,21,8,16,23,16,25,23,21,23,32,43,22,25,40,45,37,22,23,42,24,26,12,21,11,18,14,19,12,15,12,14,6,4,6,7,4,8,11,8,8,27,24,22,21,26,9,22,27,24,16,23,23,23,24,25,13,27,10,14,16,18,30,8,12,30,14,25,15,21,18,23
2025-08-11,Monday,57,N,N,N,N,N,N,26,8,Verão,3,3,11,4,10,9,10,10,9,12,16,9,4,17,14,5,9,7,14,14,6,11,7,12,5,8,3,6,7,6,10,8,5,10,2,3,2,3,4,4,3,2,4,3,2,5,2,11,7,4,7,8,5,3,10,4,7,8,2,5,10,10,8,5,10,7,7,10,2,5,4,5,10,7,4,7,3,4
2025-08-12,Tuesday,68,N,N,N,N,N,Y,17,8,Verão,9,9,6,13,9,4,5,5,13,10,15,3,7,12,6,9,12,12,13,10,8,13,15,17,17,10,12,3,6,4,13,12,8,3,7,7,1,4,5,1,1,5,4,2,3,6,4,4,9,9,7,9,12,10,12,11,4,7,12,6,12,3,12,6,10,12,7,10,8,11,5,12,13,5,5,10,12,6
2025-08-13,Wednesday,62,N,N,N,N,N,N,23,8,Verão,6,4,17,6,9,4,9,11,9,12,16,4,6,16,10,16,8,17,12,10,11,18,9,8,17,10,6,4,6,6,8,12,4,8,9,3,1,6,2,4,2,4,4,3,2,3,5,3,9,7,7,3,5,9,3,10,3,9,5,10,11,12,6,7,7,7,7,3,11,10,4,8,4,4,7,3,8,4
2025-08-14,Thursday,48,N,Y,N,N,N,Y,22,8,Verão,2,3,8,9,6,3,4,5,5,11,4,3,8,12,8,4,4,10,13,6,10,12,4,14,13,12,6,4,7,7,4,6,5,6,6,3,3,3,3,3,2,4,0,1,4,4,3,4,3,2,4,7,5,8,2,6,9,4,9,6,7,5,2,2,8,2,2,6,9,3,3,6,4,4,3,5,5,9
2025-08-15,Friday,37,Y,N,N,N,N,Y,10,8,Verão,6,2,4,1,3,1,7,5,3,6,7,7,5,5,6,3,11,11,3,3,4,4,5,6,5,5,3,2,5,2,3,4,5,5,5,1,3,2,3,3,2,0,3,1,0,1,2,1,6,1,7,1,3,7,5,5,4,1,1,5,5,7,5,4,7,6,7,4,5,3,5,2,3,4,6,2,6,5
2025-08-16,Saturday,105,N,N,N,N,N,N,20,8,Verão,14,20,28,11,20,13,19,17,14,17,21,7,12,30,22,11,23,28,12,19,15,27,19,25,11,19,21,17,11,7,19,9,10,6,8,12,6,7,9,6,3,4,8,2,2,5,2,14,8,10,16,19,19,16,6,15,7,10,11,12,14,6,10,6,19,11,8,7,10,5,9,8,12,17,17,7,7,9
2025-08-17,Sunday,129,N,N,N,N,N,N,10,8,Verão,21,22,24,6,31,18,8,13,19,13,14,11,10,22,15,22,36,21,18,25,27,23,19,36,16,29,19,20,8,9,13,16,21,16,17,16,3,9,11,3,11,9,4,8,12,11,4,13,14,22,16,9,17,8,19,10,22,22,8,22,11,9,7,8,11,15,25,16,13,20,19,10,9,17,20,16,8,16
2025-08-18,Monday,63,N,Y,N,N,N,N,12,8,Verão,4,12,14,9,7,8,4,11,10,18,10,5,3,12,11,7,9,10,14,18,7,8,9,8,8,17,4,12,5,3,5,7,7,8,5,6,2,2,5,3,4,6,1,1,6,4,6,11,6,12,6,8,9,11,6,9,6,11,11,11,8,6,3,11,7,12,12,8,12,3,3,11,11,6,10,4,4,3
2025-08-19,Tuesday,53,N,N,N,N,N,N,21,8,Verão,9,2,14,7,5,9,10,9,5,5,14,2,2,11,14,7,10,14,11,12,10,5,8,10,6,5,10,7,7,2,8,2,9,4,10,2,2,4,2,2,1,2,1,4,1,2,5,6,6,2,4,9,2,8,9,2,3,9,5,4,10,6,8,6,5,7,8,8,3,3,3,6,3,4,6,6,2,8
2025-08-20,Wednesday,44,N,N,N,N,N,N,30,8,Verão,5,6,11,2,7,7,3,8,4,10,13,5,5,8,11,6,13,6,4,10,6,5,9,8,8,8,6,8,4,4,6,6,2,8,8,6,2,2,2,4,1,3,1,4,4,0,1,7,7,5,8,7,5,5,7,2,2,4,5,4,6,8,7,7,3,7,2,8,4,7,3,2,4,6,4,2,3,7
2025-08-21,Thursday,41,N,N,N,N,N,Y,29,8,Verão,3,7,9,2,12,7,3,5,3,5,4,3,7,11,12,5,7,7,5,11,5,12,9,6,8,5,8,2,6,3,6,7,3,4,8,4,2,2,3,1,1,2,2,2,4,1,0,7,2,4,8,6,8,8,5,8,6,8,7,7,4,6,8,8,7,5,4,6,6,5,2,5,7,6,2,8,7,8
2025-08-22,Friday,52,N,N,N,N,N,N,30,8,Verão,8,8,13,3,11,7,6,6,9,9,14,9,9,8,8,7,7,8,12,9,5,13,14,11,8,7,8,8,3,2,2,9,5,7,7,3,3,4,4,3,5,3,5,2,3,3,3,7,5,3,6,6,5,6,10,8,8,4,9,3,2,6,10,10,7,9,6,9,4,7,5,7,4,7,2,4,2,9
2025-08-23,Saturday,105,N,N,N,N,N,N,18,8,Verão,17,21,22,10,31,14,19,13,15,18,21,18,12,22,30,14,20,26,10,15,21,21,14,17,29,15,20,21,13,13,17,10,17,14,14,5,9,9,7,7,4,6,9,2,8,8,9,11,14,19,10,6,8,8,10,17,9,11,15,13,20,14,12,19,19,17,17,7,7,7,5,14,14,7,13,18,9,20
2025-08-24,Sunday,121,N,N,N,Y,Porto vs Sporting,N,31,8,Verão,16,14,13,20,14,20,21,6,20,35,33,16,12,31,33,13,27,16,26,21,32,12,26,34,17,25,14,15,9,16,13,19,6,22,24,9,4,9,6,3,11,6,8,8,5,11,8,21,24,19,23,24,20,12,7,20,14,8,21,15,11,19,20,20,19,19,17,22,12,9,17,11,10,10,11,21,23,11
2025-08-25,Monday,35,N,N,Y,N,N,N,32,8,Verão,2,5,9,7,6,1,7,7,5,9,6,3,7,8,6,10,9,9,8,7,3,8,10,3,8,4,5,1,2,1,6,1,4,4,6,1,1,1,0,2,3,1,0,0,2,0,2,7,5,3,2,2,7,1,3,7,5,4,1,4,4,2,1,6,2,4,2,1,3,7,3,2,3,4,5,1,3,7
2025-08-26,Tuesday,58,N,N,Y,N,N,N,16,8,Verão,4,8,9,2,15,3,7,10,11,10,14,7,7,15,11,17,10,6,14,14,8,16,12,17,5,10,3,7,8,2,5,5,7,7,5,2,1,3,2,2,5,5,1,1,3,5,4,6,3,7,10,4,6,8,10,7,7,4,3,8,7,10,5,7,9,2,8,3,3,7,2,8,9,9,9,2,7,5
2025-08-27,Wednesday,47,N,N,Y,N,N,N,20,8,Verão,7,6,8,3,6,5,3,3,6,6,5,6,8,6,11,14,11,11,7,14,5,14,7,12,12,6,2,6,5,2,4,2,8,5,8,2,1,1,4,2,4,0,0,4,4,2,4,4,9,9,7,4,5,8,8,3,2,3,7,7,8,6,5,6,2,2,2,2,6,9,8,8,5,3,4,3,5,8
2025-08-28,Thursday,64,N,N,Y,N,N,N,30,8,Verão,9,8,11,7,19,12,12,4,9,14,17,9,7,10,11,7,17,18,16,18,14,8,12,11,13,17,11,10,8,3,10,3,8,6,10,8,5,3,3,6,2,1,1,2,6,6,5,11,3,11,8,4,4,6,6,5,11,7,5,7,12,10,12,8,7,3,10,6,12,11,8,6,4,12,11,6,10,12
2025-08-29,Friday,50,N,N,Y,N,N,Y,29,8,Verão,2,7,6,4,7,10,9,7,2,8,8,6,10,8,7,9,15,9,7,6,6,13,15,13,5,11,5,4,4,3,8,6,8,9,4,4,2,3,5,3,2,5,5,4,2,3,1,2,4,9,9,9,10,8,9,9,7,8,7,10,5,10,9,8,5,4,2,8,5,8,10,10,4,6,9,8,3,5
2025-08-30,Saturday,130,N,N,Y,N,N,N,15,8,Verão,19,14,13,24,36,22,14,14,26,15,28,22,13,31,34,14,34,30,39,15,32,27,38,30,31,38,16,6,19,11,12,24,21,23,23,14,10,4,7,9,10,2,8,7,3,3,10,12,17,23,15,22,11,24,16,12,21,26,26,13,12,14,18,6,22,16,19,22,10,10,13,6,11,21,23,21,25,8
2025-08-31,Sunday,125,N,N,Y,Y,Benfica vs Sporting,Y,35,8,Verão,24,7,35,17,16,25,10,21,11,12,30,13,23,32,34,22,30,22,29,18,33,35,34,17,25,27,8,12,8,15,16,23,24,20,25,12,6,3,10,12,12,8,7,7,10,3,8,19,17,24,15,24,7,10,25,23,21,18,17,25,13,24,19,16,15,17,7,8,8,6,18,9,10,12,16,17,11,17
2025-09-01,Monday,59,N,N,Y,N,N,Y,6,9,Outono,9,8,7,9,17,6,4,3,6,13,16,3,2,12,9,11,17,17,9,9,7,16,11,12,15,14,2,6,2,5,10,2,8,6,7,7,1,5,2,5,4,3,1,3,5,3,1,2,6,8,10,11,6,9,2,6,11,2,2,7,8,5,8,7,5,8,5,8,4,5,11,4,8,9,2,3,6,10
2025-09-02,Tuesday,61,N,N,Y,N,N,N,18,9,Outono,12,4,11,4,10,6,8,3,12,12,12,8,12,14,11,10,6,15,15,8,10,11,15,13,11,17,6,10,6,7,4,9,8,8,4,4,2,2,4,2,6,2,2,1,6,5,6,8,8,3,8,3,4,7,7,10,3,9,3,7,3,4,9,11,9,10,6,3,3,12,9,3,12,5,7,7,7,10
2025-09-03,Wednesday,61,N,N,Y,N,N,Y,16,9,Outono,12,7,14,8,15,7,5,6,11,10,15,4,5,11,10,8,7,17,9,8,6,11,13,7,15,9,11,9,8,6,3,3,5,10,6,7,3,6,1,5,6,4,3,5,4,3,6,9,7,6,3,5,6,9,4,12,6,4,7,8,7,6,8,5,3,12,8,4,10,5,5,4,5,10,3,7,8,5
2025-09-04,Thursday,33,N,N,Y,N,N,N,10,9,Outono,3,2,5,2,8,1,5,5,4,4,5,3,4,6,9,9,8,5,6,9,5,5,4,3,7,5,1,2,1,2,6,3,5,6,4,1,3,1,1,1,2,3,1,1,3,0,3,3,5,1,2,2,6,3,5,2,2,1,5,4,3,1,5,3,6,2,3,3,4,1,1,5,4,1,4,4,1,4
2025-09-05,Friday,41,N,N,Y,N,N,N,7,9,Outono,7,8,8,4,4,7,5,3,7,6,11,4,3,5,4,4,9,9,8,5,5,5,4,12,10,10,3,6,6,4,5,6,5,8,2,3,2,0,3,3,0,1,3,1,2,4,2,8,2,8,2,8,6,6,6,4,8,8,3,6,8,5,5,2,7,6,7,7,6,3,4,5,6,4,8,5,6,3
2025-09-06,Saturday,139,N,N,N,N,N,N,25,9,Outono,6,21,27,19,19,6,11,25,17,32,23,9,20,19,24,28,37,28,33,18,39,35,21,22,36,30,12,15,18,17,16,10,26,7,25,6,3,2,3,11,7,9,2,10,8,2,7,14,14,14,27,25,16,27,20,18,9,6,11,16,20,15,21,20,7,24,15,20,26,22,13,22,21,17,24,11,8,7
2025-09-07,Sunday,148,N,N,N,Y,Porto vs Benfica,N,11,9,Outono,15,25,29,27,27,11,10,13,19,20,19,25,24,24,24,27,35,15,22,38,38,14,40,30,22,40,15,27,21,9,11,7,14,28,29,11,14,4,14,3,7,9,5,11,13,13,2,10,24,24,18,14,15,18,27,28,12,28,14,9,25,16,11,17,20,20,16,26,27,27,14,12,20,23,18,16,23,23
2025-09-08,Monday,64,N,N,N,N,N,Y,25,9,Outono,3,12,18,7,14,9,11,9,12,16,19,5,4,12,8,11,12,14,12,13,16,7,6,7,6,17,3,5,3,9,10,10,4,3,10,8,3,6,3,2,1,2,5,1,6,1,2,5,5,4,9,8,3,6,8,3,12,9,5,6,6,11,10,5,5,6,7,6,11,9,8,3,3,7,7,5,10,9
2025-09-09,Tuesday,57,N,N,N,N,N,N,21,9,Outono,4,11,6,6,6,9,6,4,8,8,14,2,10,16,11,6,9,9,7,9,8,6,14,14,11,12,8,11,2,2,11,2,2,3,3,5,2,5,2,5,1,3,4,4,5,1,1,10,4,2,6,6,3,2,11,4,6,10,8,5,2,7,11,5,2,6,6,11,4,4,11,5,2,7,3,10,6,6
2025-09-10,Wednesday,62,N,N,N,N,N,N,25,9,Outono,8,4,15,8,15,11,10,6,11,13,9,10,4,14,16,13,11,9,9,15,8,18,12,10,8,18,3,5,7,4,4,10,5,11,6,3,3,1,3,1,4,5,3,5,4,2,3,11,9,4,8,9,9,4,6,7,10,4,6,6,7,11,12,4,12,8,6,7,7,6,7,10,3,4,10,7,10,7
2025-09-11,Thursday,39,N,N,N,N,N,N,10,9,Outono,6,1,9,7,5,6,2,5,7,10,3,7,1,3,5,10,10,11,3,9,3,6,6,3,11,10,7,5,4,5,1,1,2,2,4,1,2,0,3,0,3,3,0,0,2,2,3,1,3,2,3,1,7,7,7,7,3,6,2,3,5,2,4,5,4,7,2,7,3,3,2,5,1,5,2,3,2,6
2025-09-12,Friday,38,N,N,N,N,N,Y,10,9,Outono,5,4,6,6,7,6,6,2,5,10,5,5,7,10,11,5,6,4,9,9,4,11,8,9,7,5,4,2,2,2,2,2,6,4,7,3,0,3,2,1,0,3,2,0,0,0,1,2,3,4,2,5,1,2,7,7,1,1,3,4,1,5,3,1,5,5,4,6,4,6,1,5,4,7,5,4,1,3
2025-09-13,Saturday,91,N,N,N,N,N,N,21,9,Outono,18,18,10,6,11,4,5,12,6,22,13,14,6,15,20,23,27,12,24,13,26,25,12,26,15,17,15,4,5,9,11,6,6,17,11,11,7,6,3,4,4,9,4,7,4,9,3,17,12,17,13,9,5,12,15,9,9,15,15,9,17,15,9,6,11,9,10,4,15,10,14,18,5,18,16,16,6,8
2025-09-14,Sunday,150,N,N,N,Y,Sporting vs Benfica,N,9,9,Outono,20,18,28,19,37,13,26,18,26,43,34,20,17,27,17,28,16,38,42,32,26,31,29,36,32,23,16,18,14,17,14,7,27,13,14,19,11,13,3,7,3,10,9,3,10,7,7,21,15,26,24,8,21,14,30,13,21,17,27,7,12,14,21,29,20,30,30,8,22,9,20,29,28,27,24,30,18,12
2025-09-15,Monday,66,N,N,N,N,N,N,10,9,Outono,13,9,11,9,13,3,5,7,4,14,8,13,9,10,14,15,16,18,8,13,13,13,18,9,11,19,4,7,8,7,4,11,4,3,4,3,6,1,5,4,1,6,5,1,5,4,2,5,7,11,6,4,10,12,13,5,5,12,8,11,12,10,3,9,4,4,3,12,12,10,12,5,7,7,4,3,4,10
2025-09-16,Tuesday,38,N,N,N,N,N,N,23,9,Outono,1,4,7,5,4,4,3,2,1,3,8,4,2,10,5,6,6,5,10,5,3,6,7,6,11,4,6,5,4,3,2,5,3,5,6,4,3,1,3,3,2,1,0,3,0,2,1,1,4,5,5,2,3,1,2,5,1,4,7,3,1,2,1,4,7,1,5,6,3,2,1,3,7,4,5,1,1,5
2025-09-17,Wednesday,42,N,N,N,N,N,Y,7,9,Outono,7,3,4,4,9,8,5,7,2,8,7,7,6,8,10,11,5,9,5,5,5,11,12,12,5,12,6,2,4,3,8,5,4,8,6,6,2,0,4,2,1,1,1,1,1,3,3,3,4,7,8,4,3,3,5,6,8,3,7,7,3,6,8,6,6,4,5,5,7,4,6,2,3,3,8,5,2,2
2025-09-18,Thursday,61,N,N,N,N,N,N,12,9,Outono,9,3,10,3,16,5,8,3,10,17,13,5,6,16,8,10,15,6,17,9,15,8,14,7,9,16,4,3,7,4,4,8,11,6,9,5,5,2,1,6,5,6,3,1,1,2,4,7,6,4,7,12,9,6,7,4,11,9,11,4,3,12,3,7,4,8,10,6,12,12,11,5,7,4,10,10,10,4
2025-09-19,Friday,66,N,N,N,N,N,N,10,9,Outono,13,3,11,12,19,9,4,5,13,18,13,6,11,13,16,12,18,11,16,14,19,6,16,18,8,17,3,12,4,6,13,9,11,11,3,7,3,1,2,6,6,3,4,5,1,6,5,4,7,6,6,5,11,11,5,5,7,7,13,9,11,9,7,6,5,8,8,8,9,4,5,10,9,4,5,3,4,5
2025-09-20,Saturday,90,N,N,N,N,N,N,12,9,Outono,11,6,23,8,24,7,15,9,11,21,26,6,16,25,13,20,13,22,14,11,23,14,14,10,27,26,7,6,6,8,9,12,14,18,5,8,8,8,3,7,7,7,2,9,8,7,9,10,6,10,7,4,4,13,16,14,14,11,4,6,14,12,9,15,16,14,15,14,13,8,18,11,15,9,11,18,11,5
2025-09-21,Sunday,128,N,N,N,Y,Benfica vs Braga,N,7,9,Outono,25,24,12,6,28,15,12,12,12,29,16,18,11,21,21,27,30,26,34,13,22,37,23,23,20,32,23,21,10,18,19,13,10,7,25,8,3,5,5,6,12,4,3,12,6,11,4,18,17,16,17,10,16,8,23,6,20,17,18,16,16,21,6,19,19,18,18,6,10,18,18,15,13,17,19,10,21,16
2025-09-22,Monday,33,N,N,N,N,N,N,11,9,Outono,1,3,7,2,3,5,5,2,5,7,3,4,2,8,8,7,5,3,3,3,3,9,6,5,4,6,5,5,1,3,3,2,6,1,6,1,1,3,1,0,3,0,0,2,0,1,0,3,6,5,5,3,1,2,4,1,1,2,5,5,4,6,3,2,3,1,6,3,6,6,5,2,4,5,1,5,5,1
2025-09-23,Tuesday,56,N,N,N,N,N,Y,21,9,Outono,5,4,7,7,5,11,9,3,4,7,9,10,8,6,8,8,5,7,7,14,12,16,14,15,10,13,7,8,6,2,2,6,8,2,2,8,4,2,3,1,1,1,5,4,2,3,4,8,4,2,4,11,9,7,8,7,9,9,2,5,4,8,3,5,4,5,3,3,10,11,7,5,7,11,6,7,3,4
2025-09-24,Wednesday,57,N,N,N,N,N,N,10,9,Outono,4,6,13,8,12,7,7,5,5,10,14,11,9,16,16,9,6,16,11,9,8,12,7,17,6,11,3,11,2,8,2,8,9,11,9,2,3,3,3,2,1,3,5,3,5,3,2,10,2,6,4,9,5,3,10,8,5,9,2,10,8,7,6,11,11,3,6,7,8,9,7,11,11,8,2,2,2,5
2025-09-25,Thursday,51,N,N,Y,N,N,N,14,9,Outono,3,7,10,9,15,6,7,3,9,14,14,10,7,6,9,9,9,12,7,10,10,9,6,8,11,7,7,4,4,7,6,7,10,6,4,2,5,1,5,5,4,3,2,4,2,4,1,4,5,5,7,4,9,7,8,3,7,5,9,2,2,10,7,3,6,8,3,7,6,2,10,4,7,10,9,2,8,9
2025-09-26,Friday,33,N,N,Y,N,N,N,18,9,Outono,2,4,7,5,3,2,6,3,6,8,6,5,1,5,5,7,6,8,4,6,8,5,5,3,4,4,2,1,1,2,1,5,6,2,2,3,0,2,0,1,3,0,0,3,3,1,1,4,6,6,6,3,5,2,2,5,5,3,5,1,5,2,3,2,1,5,2,3,1,2,2,3,5,4,2,2,4,3
2025-09-27,Saturday,108,N,N,Y,N,N,N,16,9,Outono,16,9,13,13,18,13,13,18,7,30,24,8,18,12,17,11,12,31,15,30,24,27,10,23,26,31,6,16,5,7,9,11,15,6,19,6,5,9,8,2,4,2,2,8,3,3,8,18,8,14,12,7,6,11,14,17,5,6,12,11,15,12,10,12,16,13,17,15,12,16,10,10,7,12,16,7,14,10
2025-09-28,Sunday,150,N,N,Y,Y,Porto vs Vitória,N,24,9,Outono,22,18,33,16,24,24,10,7,8,21,45,13,30,20,22,43,36,27,41,39,24,23,28,24,39,20,21,30,7,8,7,22,11,26,23,18,10,11,14,10,5,14,12,12,3,12,3,16,18,29,19,27,15,7,18,20,25,15,15,22,10,17,9,7,26,23,12,9,28,25,30,28,20,30,20,29,23,10
2025-09-29,Monday,66,N,N,Y,N,N,N,7,9,Outono,4,9,6,13,14,3,9,8,9,14,13,10,7,19,16,14,12,16,7,19,15,6,19,8,16,13,3,6,5,5,8,6,3,3,5,6,3,2,1,1,3,1,2,5,2,1,6,4,6,8,8,5,13,3,9,7,3,12,5,6,6,7,8,9,10,7,9,6,10,5,12,5,7,13,7,8,10,12
2025-09-30,Tuesday,58,N,N,Y,N,N,N,16,9,Outono,2,2,14,11,17,3,9,11,10,5,5,5,2,9,5,9,11,9,13,7,16,11,14,6,6,5,2,3,3,8,2,4,9,10,2,4,1,1,5,5,2,3,3,5,4,1,5,5,9,8,10,9,3,7,5,10,6,10,4,8,4,3,4,5,2,6,2,3,8,4,6,3,11,8,7,3,2,10
2025-10-01,Wednesday,48,N,N,Y,N,N,Y,10,10,Outono,6,4,12,5,5,7,7,6,9,6,12,9,7,8,13,12,11,10,7,6,4,9,6,12,11,6,9,8,5,3,3,9,8,5,6,3,4,1,4,4,3,3,0,2,2,2,1,6,9,5,7,8,6,6,5,8,2,9,9,3,6,8,5,4,3,3,2,7,2,8,2,3,7,2,3,7,2,9
2025-10-02,Thursday,47,N,N,Y,N,N,N,23,10,Outono,9,6,9,2,6,8,8,5,8,7,10,4,5,6,7,10,5,10,5,9,8,9,9,6,10,12,5,3,4,7,6,7,5,3,4,5,1,0,0,0,2,3,3,3,0,4,2,7,6,6,7,7,7,2,2,2,5,5,5,9,8,4,5,8,6,2,8,5,6,8,8,8,3,4,8,5,5,5
2025-10-03,Friday,53,N,N,Y,N,N,N,19,10,Outono,10,9,12,3,10,5,5,9,10,8,6,8,2,10,9,8,11,9,12,13,14,5,6,15,14,13,3,3,2,6,8,3,3,4,3,2,5,2,1,2,1,4,1,2,4,2,2,4,6,6,5,6,8,7,7,10,9,7,3,4,8,5,3,4,8,8,2,3,10,7,7,9,4,7,7,6,7,10
2025-10-04,Saturday,130,N,N,Y,N,N,Y,23,10,Outono,9,8,39,9,15,14,22,25,9,20,22,14,6,28,38,16,32,21,24,30,17,26,27,15,20,24,26,20,9,16,26,23,13,12,6,15,10,13,4,9,13,10,12,13,10,5,5,10,10,21,7,6,17,7,23,17,14,20,10,7,12,19,12,9,16,6,13,19,6,17,18,9,18,16,25,12,25,7
2025-10-05,Sunday,107,Y,N,Y,Y,Benfica vs Sporting,N,24,10,Outono,21,12,26,16,15,8,8,18,11,28,16,16,8,14,11,16,12,25,10,19,26,12,28,14,16,26,16,8,14,5,9,13,8,17,10,5,3,8,6,3,3,10,10,2,8,3,9,9,21,11,10,18,6,16,6,16,11,19,21,15,6,17,18,21,9,13,9,7,12,17,8,16,12,10,21,14,9,20
2025-10-06,Monday,46,N,N,N,N,N,N,17,10,Outono,2,2,7,9,9,7,4,3,5,10,11,8,7,5,10,8,12,11,7,4,6,10,9,10,9,9,3,8,4,3,7,5,8,6,3,4,0,0,4,3,0,3,4,4,0,0,0,7,8,2,5,9,5,4,7,5,2,8,7,2,7,9,6,3,6,3,4,6,8,2,5,2,2,3,3,8,2,2
2025-10-07,Tuesday,33,N,N,N,N,N,N,11,10,Outono,2,1,9,5,4,2,4,1,5,5,9,3,6,7,8,9,9,8,7,7,3,5,6,9,4,3,4,6,2,1,5,3,4,2,6,3,3,1,3,2,2,3,3,2,1,2,1,3,6,5,2,4,6,5,5,4,5,1,5,6,5,3,3,6,6,6,6,5,6,1,1,3,5,4,5,6,3,1
2025-10-08,Wednesday,61,N,N,N,N,N,Y,21,10,Outono,9,4,8,3,16,11,4,6,5,10,15,3,3,14,8,7,15,14,6,14,12,10,14,14,15,15,5,4,8,3,9,11,5,9,9,6,1,5,6,6,6,4,6,4,3,5,2,5,3,9,8,7,8,5,11,11,7,11,10,3,5,6,6,11,8,7,3,10,6,7,12,6,4,10,10,5,8,11
2025-10-09,Thursday,45,N,N,N,N,N,N,12,10,Outono,3,5,10,4,10,5,9,4,6,11,6,6,2,12,5,13,11,13,11,5,5,10,6,9,12,13,4,5,4,6,2,8,3,4,8,3,1,0,2,3,1,3,3,3,4,1,1,2,3,6,7,3,7,3,3,5,5,8,6,5,9,9,8,4,4,6,6,6,6,4,3,2,6,6,9,6,2,7
2025-10-10,Friday,38,N,N,N,N,N,N,13,10,Outono,1,4,3,2,7,3,2,5,3,8,4,4,1,7,5,6,11,6,6,9,11,7,3,7,10,3,1,6,5,4,4,2,2,1,4,5,0,1,1,2,1,2,2,3,2,0,2,4,4,4,4,1,5,5,3,4,6,3,5,1,1,4,3,7,1,1,3,5,7,5,4,2,5,4,5,5,1,1
2025-10-11,Saturday,140,N,N,N,N,N,Y,24,10,Outono,8,24,30,21,29,15,26,23,26,39,34,26,25,20,41,26,37,39,30,24,31,14,15,28,37,41,22,28,20,9,17,9,27,20,15,10,3,6,9,3,2,12,5,3,14,2,4,20,28,18,13,8,17,28,18,8,11,17,26,26,28,20,7,14,15,15,13,28,15,10,22,26,8,9,18,23,22,17
2025-10-12,Sunday,150,N,N,N,Y,Porto vs Braga,N,19,10,Outono,11,21,38,19,41,17,30,20,29,33,31,8,25,21,41,24,27,27,38,41,32,26,29,15,38,30,14,29,22,18,16,30,17,17,10,21,3,8,6,10,6,11,8,5,10,11,7,24,10,14,27,22,7,27,30,8,21,8,8,13,27,29,29,17,24,26,18,19,14,13,8,17,17,8,8,10,14,10
2025-10-13,Monday,47,N,N,N,N,N,N,25,10,Outono,4,5,14,4,14,4,4,5,3,6,9,8,3,13,11,8,14,4,8,14,7,10,11,6,14,6,5,7,5,5,5,9,6,2,4,3,3,4,3,4,4,2,2,2,3,4,3,8,5,5,9,8,7,4,4,5,2,3,4,5,4,5,6,7,5,5,8,8,2,2,8,2,6,3,3,9,8,2
2025-10-14,Tuesday,67,N,N,N,N,N,Y,5,10,Outono,4,10,10,4,15,12,4,8,8,9,7,6,9,7,14,19,13,20,20,15,11,13,8,9,11,18,7,6,9,4,11,13,7,11,5,8,1,2,5,1,2,4,5,1,4,5,4,5,10,9,13,11,6,6,10,13,8,11,11,12,6,6,8,13,8,6,10,8,12,3,3,4,9,5,3,4,5,11
2025-10-15,Wednesday,60,N,N,N,N,N,Y,12,10,Outono,12,9,11,5,6,10,6,6,11,17,18,8,12,9,11,16,13,7,6,10,6,17,7,16,10,18,12,11,5,3,3,8,8,11,11,4,3,6,5,5,5,5,5,4,3,3,3,10,6,7,8,3,11,3,7,12,10,7,3,7,7,4,8,11,4,8,10,5,10,12,6,4,11,12,12,12,12,5
2025-10-16,Thursday,56,N,N,N,N,N,N,12,10,Outono,2,7,13,8,12,6,9,4,10,13,13,3,11,16,16,5,13,11,12,10,5,12,11,13,13,13,7,6,8,2,11,9,10,3,9,6,2,5,5,5,3,2,3,4,4,3,1,9,11,7,3,5,8,3,11,9,10,6,2,5,11,9,10,2,7,8,11,8,10,6,10,10,6,9,6,11,7,8
2025-10-17,Friday,50,N,N,N,N,N,Y,8,10,Outono,4,3,10,8,10,5,5,2,6,7,9,3,5,15,12,5,7,10,12,13,10,5,9,14,12,5,9,10,4,2,7,6,9,3,4,4,3,1,2,1,2,1,4,4,5,5,2,6,7,6,2,6,4,8,4,4,3,7,3,4,3,6,2,7,9,8,9,6,8,4,8,7,4,2,5,2,9,6
2025-10-18,Saturday,136,N,N,N,N,N,Y,20,10,Outono,20,15,34,27,31,14,15,17,15,27,39,23,25,20,17,15,19,39,14,40,16,36,27,38,36,37,25,15,7,13,22,17,22,21,21,8,5,6,4,12,3,10,9,12,5,12,5,27,12,6,18,18,24,20,8,19,6,20,6,20,16,25,12,17,27,21,27,10,20,8,8,14,20,16,14,26,11,15
2025-10-19,Sunday,102,N,N,N,Y,Sporting vs Porto,N,5,10,Outono,16,19,24,19,25,7,10,17,12,23,18,10,6,25,12,11,13,16,14,26,15,20,18,26,10,10,20,15,5,8,18,12,12,17,19,5,7,7,5,5,6,3,10,4,6,3,4,11,5,20,9,16,9,14,14,19,7,19,11,9,20,7,19,9,9,15,13,18,7,8,17,19,5,8,15,20,7,17
2025-10-20,Monday,55,N,N,N,N,N,N,18,10,Outono,7,9,7,7,14,7,6,5,2,10,11,3,9,16,11,5,12,11,16,14,13,10,16,7,12,8,5,9,2,2,9,6,11,6,7,5,3,3,4,3,2,5,5,3,3,5,5,9,5,3,9,2,6,2,2,2,7,10,6,8,6,3,2,11,2,5,3,6,7,3,4,10,6,4,2,11,11,10
2025-10-21,Tuesday,45,N,N,N,N,N,N,18,10,Outono,6,5,12,9,8,3,7,2,7,8,13,4,7,5,12,9,9,4,7,13,4,10,9,5,8,11,4,3,4,4,4,3,9,5,2,3,0,0,4,3,2,4,1,4,1,2,4,3,3,2,6,3,5,5,8,7,2,2,6,2,4,7,8,8,2,4,4,9,5,5,8,9,5,6,2,9,7,3
2025-10-22,Wednesday,39,N,N,N,N,N,N,9,10,Outono,6,3,4,1,6,2,1,1,3,7,9,5,2,8,4,11,8,5,5,9,6,3,9,8,7,8,4,6,4,4,5,2,7,2,3,5,3,1,1,3,1,0,1,0,0,3,2,2,7,1,2,3,7,7,4,3,1,4,1,2,5,1,3,6,6,2,1,3,7,7,3,7,7,5,3,3,6,5
2025-10-23,Thursday,60,N,N,N,N,N,N,15,10,Outono,11,9,15,7,16,9,11,6,12,15,12,10,11,10,9,18,15,12,13,10,12,14,6,17,17,17,3,7,9,5,10,4,8,3,11,4,1,4,5,1,4,5,1,2,5,3,5,8,9,12,3,11,12,12,11,4,5,11,6,4,8,11,7,4,6,10,11,7,5,7,10,4,7,7,12,12,5,7
2025-10-24,Friday,36,N,N,N,N,N,Y,22,10,Outono,1,5,9,7,7,4,4,2,3,3,8,6,7,9,10,9,4,3,4,9,6,6,6,7,6,3,7,7,2,3,6,3,4,3,3,4,3,3,0,1,3,2,2,2,3,3,2,1,7,1,4,7,7,7,4,3,4,3,5,5,2,5,6,3,3,6,4,7,3,2,5,6,2,1,7,7,2,2
2025-10-25,Saturday,99,N,N,Y,N,N,N,15,10,Outono,16,14,16,8,12,8,10,18,9,19,14,17,18,27,12,16,10,26,23,25,11,29,9,20,28,14,16,4,14,14,8,18,5,18,18,11,4,8,8,4,7,2,7,9,7,8,4,7,10,9,19,10,12,6,16,15,12,15,17,15,15,18,10,12,7,10,6,9,19,8,4,19,12,15,10,7,18,19
2025-10-26,Sunday,137,N,N,Y,Y,Benfica vs Vitória,Y,5,10,Outono,16,18,41,7,33,21,22,6,24,16,18,23,6,14,23,22,16,17,36,36,25,27,38,25,14,24,26,10,18,13,23,9,21,12,24,18,4,10,11,2,7,13,11,5,7,3,6,18,9,13,18,24,20,12,18,12,8,23,13,27,23,27,8,25,20,18,6,18,12,25,13,20,9,27,19,19,13,27
2025-10-27,Monday,35,N,N,Y,N,N,N,25,10,Outono,6,2,10,5,7,2,2,1,7,6,7,6,6,4,10,8,9,10,10,9,5,4,4,5,7,8,3,4,5,5,3,7,5,4,5,3,1,0,3,1,1,2,2,3,0,3,1,4,4,6,3,6,5,2,2,5,3,3,5,7,3,6,7,7,6,3,1,1,7,3,1,7,2,1,4,4,1,5
2025-10-28,Tuesday,57,N,N,Y,N,N,N,17,10,Outono,6,8,7,10,6,8,9,4,4,8,10,5,2,12,17,14,6,15,17,17,13,15,11,15,10,9,5,8,8,3,9,8,10,6,10,7,1,2,3,4,5,3,3,2,4,2,4,2,10,8,10,11,10,3,7,10,4,11,8,3,5,9,8,6,2,10,6,11,4,6,8,11,8,8,11,11,6,2
2025-10-29,Wednesday,57,N,N,Y,N,N,N,18,10,Outono,2,7,10,2,11,10,2,3,2,14,14,5,7,10,17,9,15,17,7,11,16,13,13,11,7,11,5,10,7,5,10,7,2,11,9,5,1,3,3,5,3,5,4,3,1,5,2,10,2,2,2,7,4,6,5,11,11,11,3,10,9,10,3,3,9,3,11,7,7,11,7,11,9,9,5,5,7,9
2025-10-30,Thursday,59,N,N,Y,N,N,N,10,10,Outono,3,9,16,7,7,5,8,2,8,17,14,10,8,16,8,11,16,15,11,17,11,16,11,6,5,7,4,4,4,2,8,4,3,6,6,3,4,1,1,2,5,2,1,1,4,2,5,4,4,4,2,5,8,2,11,7,9,11,10,6,6,8,5,3,8,3,2,5,2,8,8,5,3,5,6,4,11,8
2025-10-31,Friday,66,N,N,Y,N,N,Y,5,10,Outono,13,12,6,11,6,12,7,4,12,18,7,9,6,12,19,13,15,8,15,8,8,9,13,6,17,13,7,12,9,8,13,3,13,10,7,4,2,3,2,3,1,2,4,1,2,1,3,10,4,3,9,7,12,12,6,12,8,5,10,5,10,7,9,9,11,4,12,5,13,10,7,6,9,11,13,3,9,5
2025-11-01,Saturday,87,Y,N,Y,N,N,N,15,11,Outono,11,8,18,4,13,6,5,10,6,9,12,8,9,17,18,23,22,26,21,15,22,15,10,13,18,13,6,11,5,5,13,11,9,5,6,5,7,3,7,6,3,4,4,1,3,5,4,8,15,4,7,7,16,6,9,7,6,14,11,7,15,7,12,9,4,12,11,4,4,14,12,14,4,10,17,8,5,14
2025-11-02,Sunday,135,N,N,Y,Y,Porto vs Sporting,N,20,11,Outono,12,22,31,19,32,20,24,11,8,32,13,10,17,22,34,34,14,16,26,37,22,26,26,23,37,14,23,16,8,20,24,21,26,27,9,18,4,13,7,6,12,5,13,6,11,2,10,15,25,26,25,8,6,10,19,18,14,6,20,24,10,10,16,14,17,8,22,6,21,17,15,26,19,15,17,25,20,8
2025-11-03,Monday,54,N,N,Y,N,N,N,13,11,Outono,4,6,8,6,6,10,3,7,5,12,5,7,9,10,16,10,7,16,8,5,12,14,16,15,6,15,6,5,8,8,4,10,3,2,9,3,5,2,4,3,3,3,1,1,1,2,5,6,7,6,6,6,7,6,7,8,6,3,5,3,5,7,6,3,10,7,10,6,3,3,5,8,8,2,4,9,9,2
2025-11-04,Tuesday,60,N,N,Y,N,N,Y,13,11,Outono,8,3,16,3,12,12,9,5,12,8,15,12,8,8,14,10,13,16,14,18,12,11,11,18,14,8,11,4,9,4,4,8,10,7,6,3,4,2,1,3,2,6,1,6,3,3,5,5,11,9,5,12,6,10,9,3,7,12,8,8,7,7,9,11,7,5,4,9,5,5,5,7,5,5,9,3,12,5
2025-11-05,Wednesday,46,N,N,Y,N,N,Y,22,11,Outono,3,5,12,9,6,3,8,9,7,10,4,9,6,5,9,7,12,10,7,7,10,4,11,9,11,10,2,4,3,4,6,2,3,2,5,4,2,2,0,4,2,2,2,1,2,3,4,3,9,9,2,8,2,7,2,4,4,7,4,7,5,5,4,7,4,7,2,7,9,6,7,8,2,4,6,3,6,9
2025-11-06,Thursday,56,N,N,N,N,N,N,9,11,Outono,8,6,8,3,7,4,2,4,4,8,11,5,5,5,10,14,15,13,15,13,15,16,15,16,8,6,7,3,4,7,3,9,4,4,2,7,1,5,1,3,1,5,4,1,2,3,3,9,11,6,10,7,8,2,5,7,6,6,4,9,2,10,8,8,3,8,3,4,2,7,8,3,11,9,9,6,3,10
2025-11-07,Friday,59,N,N,N,N,N,N,9,11,Outono,3,5,10,11,13,7,7,5,5,17,17,4,11,10,15,14,6,12,17,9,6,15,15,8,7,11,5,3,7,8,7,3,10,2,8,5,3,5,5,2,2,3,3,4,1,5,3,3,2,9,11,5,6,6,9,6,8,4,4,7,3,5,2,10,11,9,7,8,4,6,4,7,8,11,5,5,2,2
2025-11-08,Saturday,102,N,N,N,N,N,N,22,11,Outono,10,12,15,10,20,15,7,5,17,13,10,6,16,14,13,10,14,16,16,19,23,10,15,21,30,15,14,9,8,5,19,18,12,10,14,7,5,8,5,2,3,6,8,7,2,4,8,8,14,16,10,9,12,13,8,14,6,6,19,8,11,17,20,11,14,11,5,9,11,19,10,20,17,7,5,18,8,13
2025-11-09,Sunday,139,N,N,N,Y,Benfica vs Braga,Y,6,11,Outono,18,12,20,9,26,13,13,6,15,37,16,15,10,32,17,22,16,37,24,34,32,20,14,17,22,25,9,14,7,19,17,23,10,16,10,13,9,7,10,2,13,13,8,7,2,8,2,25,11,10,24,25,19,19,10,9,6,16,27,8,12,22,18,27,6,7,8,12,22,18,12,7,26,20,6,7,16,10
2025-11-10,Monday,38,N,N,N,N,N,N,25,11,Outono,5,7,3,5,8,3,1,2,1,3,8,2,3,4,8,10,6,3,9,7,8,4,8,6,5,8,1,3,1,5,7,2,1,1,3,5,3,3,0,1,3,0,1,0,0,3,3,1,1,4,1,4,1,3,5,7,2,6,5,7,7,5,5,1,6,7,2,4,1,2,5,6,6,4,5,7,5,5
2025-11-11,Tuesday,58,N,N,N,N,N,N,8,11,Outono,8,10,12,6,13,10,10,8,9,13,16,11,5,15,11,16,12,14,13,6,17,9,11,7,8,15,9,9,8,2,5,7,10,8,9,3,2,2,4,5,3,1,3,5,3,3,5,5,9,4,6,3,8,10,5,3,5,6,4,3,2,3,10,3,8,10,9,9,8,10,2,11,5,7,11,10,2,10
2025-11-12,Wednesday,50,N,N,N,N,N,Y,5,11,Outono,7,3,14,5,10,7,9,5,8,11,12,7,4,5,13,12,10,12,8,7,13,13,15,6,10,13,3,6,2,3,3,6,10,7,9,7,3,3,4,2,4,3,5,3,5,2,2,3,4,6,9,8,7,6,10,6,9,3,2,7,9,10,10,10,3,7,4,3,5,2,10,8,4,2,2,8,7,3
2025-11-13,Thursday,54,N,N,N,N,N,N,11,11,Outono,2,8,15,6,14,9,4,10,2,10,16,3,2,5,6,6,7,11,10,5,11,14,5,7,15,8,3,5,3,3,3,4,4,10,3,5,3,1,4,4,3,1,2,4,1,3,4,5,8,9,10,6,8,4,2,10,6,9,6,7,7,7,2,3,5,4,6,2,5,9,3,2,3,8,8,9,9,7
2025-11-14,Friday,59,N,N,N,N,N,N,11,11,Outono,9,4,8,8,13,6,7,6,3,10,7,11,3,12,14,11,15,17,13,16,12,5,14,7,8,13,3,9,7,8,4,9,10,10,5,6,4,2,3,5,2,2,2,3,1,1,4,6,2,5,10,10,5,4,11,7,8,4,8,5,11,4,4,9,7,4,10,2,10,3,9,4,5,4,5,2,8,11
2025-11-15,Saturday,116,N,N,N,N,N,N,14,11,Outono,8,5,30,7,13,11,22,12,21,29,28,11,18,16,21,33,32,34,22,23,26,21,34,16,24,29,12,6,7,9,12,16,18,12,16,13,8,7,4,3,11,10,5,5,7,7,6,11,22,16,6,7,22,20,9,15,16,18,14,18,19,20,14,22,12,20,8,5,15,13,8,9,13,17,12,17,16,8
2025-11-16,Sunday,142,N,N,N,Y,Sporting vs Benfica,N,13,11,Outono,25,21,28,15,32,25,13,14,16,30,34,10,16,37,37,38,20,27,34,34,34,17,15,25,32,18,13,24,19,17,27,11,14,14,27,21,9,10,7,6,7,8,13,6,11,8,4,15,26,23,27,18,21,20,8,13,10,9,10,12,9,24,21,20,12,23,27,21,13,26,20,25,27,8,25,12,28,19
2025-11-17,Monday,57,N,N,N,N,N,Y,10,11,Outono,9,11,5,10,14,2,11,4,11,14,12,11,3,9,15,8,14,10,12,11,6,7,9,9,13,5,5,4,2,5,2,8,8,2,5,5,1,4,5,5,5,5,5,3,5,5,1,9,7,6,8,10,10,9,8,9,7,6,10,3,8,8,9,11,2,7,7,3,2,9,9,9,11,7,7,6,10,2
2025-11-18,Tuesday,56,N,N,N,N,N,N,13,11,Outono,7,5,9,6,12,7,11,9,7,5,11,4,11,14,7,6,15,14,8,6,14,14,9,9,14,11,11,4,5,7,3,6,3,6,3,7,1,3,4,1,4,2,5,4,1,2,4,2,6,2,3,2,3,11,5,8,3,10,9,10,6,8,6,6,10,2,8,8,6,3,5,4,4,8,9,9,2,7
2025-11-19,Wednesday,38,N,N,N,N,N,N,9,11,Outono,7,3,5,2,5,2,4,4,6,7,3,5,7,5,8,7,10,11,6,3,8,10,4,5,10,3,4,2,1,3,7,7,4,1,4,3,0,1,1,1,1,2,2,0,1,3,2,1,2,4,4,4,5,5,2,2,6,1,1,6,3,1,5,4,7,4,6,5,4,5,2,4,2,4,1,2,2,4
2025-11-20,Thursday,57,N,N,N,N,N,N,5,11,Outono,10,3,12,11,13,4,7,6,7,12,6,10,10,15,17,5,6,7,15,12,15,15,10,13,10,15,10,5,6,6,9,11,4,7,6,7,3,4,3,2,1,3,4,5,3,5,4,11,6,11,4,11,10,5,7,8,10,3,3,11,10,2,6,3,3,7,2,6,4,11,11,2,3,7,6,6,7,8
2025-11-21,Friday,67,N,N,N,N,N,Y,25,11,Outono,11,13,20,11,16,10,9,13,9,19,15,8,9,9,10,18,9,17,10,7,9,19,12,16,6,9,13,6,9,10,12,9,11,9,13,4,1,6,3,5,6,1,4,2,1,2,5,4,13,7,13,3,11,13,8,12,12,6,13,12,5,13,12,7,13,5,11,6,10,11,6,8,13,6,9,9,4,3
2025-11-22,Saturday,123,N,N,N,N,N,N,18,11,Outono,17,14,23,17,23,6,16,17,21,24,30,7,22,30,28,33,30,33,14,36,29,33,32,22,26,25,10,22,13,9,24,16,11,13,19,16,7,8,4,12,9,11,4,5,7,3,9,16,12,9,14,19,14,17,24,19,18,22,11,19,16,10,16,15,24,9,9,11,7,6,16,9,14,19,7,10,19,21
2025-11-23,Sunday,150,N,N,N,Y,Porto vs Benfica,Y,12,11,Outono,24,17,38,17,37,30,29,27,28,41,35,19,13,42,20,24,28,28,29,36,45,16,16,18,32,16,23,26,13,11,23,17,24,19,18,22,6,5,14,9,6,10,13,13,11,5,14,21,8,26,26,19,9,29,22,29,7,16,26,30,16,19,20,9,20,12,11,21,29,22,28,17,13,27,15,30,16,8
2025-11-24,Monday,40,N,N,N,N,N,Y,18,11,Outono,8,6,11,6,8,7,4,2,8,5,7,5,2,6,10,4,5,10,5,5,9,7,10,12,11,6,5,3,2,4,5,4,7,4,6,4,2,0,0,1,1,0,4,0,1,4,4,2,7,3,7,4,2,7,2,2,5,3,6,7,5,2,8,7,5,5,6,5,5,2,3,5,7,7,3,4,6,3
2025-11-25,Tuesday,51,N,N,Y,N,N,N,9,11,Outono,4,6,13,2,10,5,6,6,10,14,6,9,10,14,11,15,15,9,10,10,14,6,8,5,8,6,8,7,6,3,6,6,8,3,3,4,2,2,1,4,3,5,5,5,5,4,2,8,7,10,10,4,9,4,6,9,8,9,3,7,3,4,8,8,9,9,9,7,5,10,4,6,8,9,6,4,8,6
2025-11-26,Wednesday,52,N,N,Y,N,N,N,12,11,Outono,4,3,9,7,8,8,10,3,4,10,9,2,8,5,10,9,7,14,5,6,14,12,5,5,11,10,4,5,4,2,6,7,2,7,9,4,2,1,2,2,5,1,5,5,2,2,1,8,8,2,9,8,5,8,2,4,5,2,8,10,10,4,3,10,5,7,10,10,4,2,9,8,2,5,8,2,6,3
2025-11-27,Thursday,39,N,N,Y,N,N,Y,10,11,Outono,3,2,7,7,4,4,6,7,6,3,6,7,4,5,7,5,4,5,8,8,9,4,3,6,6,7,6,2,3,3,5,4,5,4,1,1,1,0,1,3,2,1,2,2,2,0,0,2,1,5,2,3,5,5,3,4,7,1,1,3,7,5,3,2,2,3,1,3,5,1,3,4,2,3,2,1,2,1
2025-11-28,Friday,66,N,Y,Y,N,N,Y,11,11,Outono,11,10,13,11,13,13,7,7,3,13,10,13,7,17,19,12,8,12,7,19,16,19,18,19,8,7,5,13,3,8,8,9,7,13,9,6,4,5,4,2,5,5,1,6,5,6,4,13,9,7,9,6,13,6,12,8,12,12,6,13,7,11,8,3,4,12,10,10,10,6,4,4,7,11,9,12,13,6
2025-11-29,Saturday,98,N,N,Y,N,N,N,20,11,Outono,5,19,18,12,9,11,6,6,16,13,14,8,8,14,23,18,10,12,13,15,21,29,20,14,26,14,19,7,14,11,12,17,10,8,14,4,7,5,2,7,9,2,3,5,4,2,7,4,19,6,17,5,14,18,6,9,16,14,17,15,16,11,5,5,9,6,18,4,7,9,10,8,16,14,15,10,17,18
2025-11-30,Sunday,111,N,N,Y,Y,Sporting vs Braga,N,16,11,Outono,8,18,32,21,24,8,20,14,10,33,13,13,11,25,16,20,32,16,26,25,12,26,22,27,30,20,7,15,11,12,21,19,7,7,5,15,6,8,7,3,4,3,9,7,9,11,4,5,11,16,14,16,19,21,20,22,16,20,7,18,9,11,18,10,5,8,19,17,18,15,22,13,5,7,12,11,18,13
2025-12-01,Monday,48,Y,N,Y,N,N,N,21,12,Inverno,2,4,7,2,13,3,7,8,2,4,8,5,3,5,8,7,11,13,8,14,11,4,8,11,13,14,6,9,3,2,7,6,3,9,8,6,1,0,4,1,1,1,4,3,0,0,4,5,3,9,2,4,6,2,6,7,5,2,6,7,5,3,8,4,6,3,3,7,4,3,7,6,3,9,2,2,8,7
2025-12-02,Tuesday,53,N,N,Y,N,N,Y,18,12,Inverno,9,8,15,5,14,7,9,3,7,14,10,10,10,10,5,12,10,15,6,5,11,6,14,6,5,14,6,9,7,2,6,6,4,10,6,4,2,1,4,1,3,3,4,3,2,3,1,2,10,8,10,5,10,5,4,2,8,6,7,9,5,5,10,4,5,9,2,9,5,7,5,7,5,3,7,2,5,5
2025-12-03,Wednesday,57,N,N,Y,N,N,Y,19,12,Inverno,10,10,15,3,11,10,8,8,10,10,15,11,7,11,17,16,16,7,7,12,8,8,5,14,8,11,9,8,5,7,3,2,9,10,11,2,1,3,4,2,2,2,4,5,1,5,1,7,7,6,11,8,4,4,10,11,6,11,7,7,2,11,5,11,8,2,11,5,4,2,8,4,8,11,2,11,6,4
2025-12-04,Thursday,35,N,N,Y,N,N,N,10,12,Inverno,2,7,8,6,9,5,4,6,4,4,3,2,4,3,5,3,4,7,3,3,4,4,10,8,6,8,3,3,3,3,5,3,4,4,3,5,3,0,1,2,0,3,3,0,0,3,3,3,3,1,5,2,7,5,5,6,5,2,3,3,2,6,6,4,3,5,5,6,5,3,3,5,6,5,7,1,2,3
2025-12-05,Friday,46,N,Y,Y,N,N,Y,8,12,Inverno,2,3,7,9,7,5,9,6,2,7,4,3,9,7,12,12,12,4,12,12,10,13,12,13,11,9,6,4,6,2,8,6,7,3,4,6,4,1,1,2,2,0,3,1,3,3,3,6,7,6,5,6,7,3,3,2,4,7,9,7,2,7,9,6,8,9,6,3,5,7,8,6,5,8,6,3,7,9
2025-12-06,Saturday,91,N,N,N,N,N,N,22,12,Inverno,9,10,14,13,25,17,9,13,13,19,21,10,12,9,27,26,23,18,14,16,11,12,18,26,12,20,9,4,5,11,8,16,8,13,9,13,6,9,5,3,4,5,3,5,5,7,3,7,7,4,15,12,6,9,15,7,4,5,17,15,7,6,16,11,8,15,10,14,16,12,9,10,7,16,6,10,10,18
2025-12-07,Sunday,147,N,N,N,Y,Benfica vs Porto,N,6,12,Inverno,27,18,28,22,39,12,16,14,9,42,29,7,17,14,32,25,27,20,24,19,36,43,42,35,15,25,24,19,17,11,10,26,27,8,11,21,10,13,12,12,6,12,3,13,11,9,3,19,9,28,24,10,16,28,10,19,22,13,8,7,20,27,16,9,26,9,9,28,23,21,14,14,25,29,24,27,11,23
2025-12-08,Monday,45,Y,N,N,N,N,N,6,12,Inverno,3,8,11,7,6,7,8,4,8,13,7,5,4,9,13,11,9,8,6,10,5,13,8,9,10,4,6,2,2,3,4,6,7,7,3,5,3,1,3,2,4,0,2,1,1,0,0,5,4,8,2,4,3,5,4,2,4,2,8,8,5,6,4,8,8,2,4,7,7,2,4,3,5,8,3,9,9,3
2025-12-09,Tuesday,38,N,N,N,N,N,N,17,12,Inverno,4,6,6,4,3,7,5,2,1,5,8,6,2,4,10,3,9,3,3,6,4,6,4,8,9,3,1,4,1,1,4,2,7,5,7,5,3,1,3,1,2,0,2,1,3,1,3,2,5,6,5,7,7,6,6,3,4,7,2,1,5,2,1,4,1,6,2,1,1,6,5,7,6,5,6,1,5,3
2025-12-10,Wednesday,46,N,N,N,N,N,N,9,12,Inverno,6,7,12,8,11,5,6,8,4,10,4,5,8,7,5,8,5,11,6,4,5,9,4,11,6,6,7,3,5,4,9,9,6,8,7,4,0,0,2,3,4,4,4,2,2,1,1,9,2,8,7,3,5,5,2,2,7,3,8,7,2,3,2,5,8,8,5,4,3,6,9,4,2,4,3,9,3,8
2025-12-11,Thursday,66,N,N,N,N,N,Y,25,12,Inverno,7,6,8,3,10,11,8,11,13,14,11,3,11,19,13,14,9,13,14,7,7,6,14,16,19,6,12,5,5,3,7,3,11,11,12,4,5,6,2,6,3,3,2,1,5,2,3,8,8,8,9,8,5,4,4,3,7,9,5,3,12,5,10,8,10,5,13,10,9,9,4,4,6,12,12,10,5,4
2025-12-12,Friday,57,N,N,N,N,N,N,20,12,Inverno,4,2,10,2,12,5,9,5,6,13,10,8,7,12,12,17,13,5,17,6,16,10,9,12,8,9,7,6,3,3,8,6,10,8,8,7,2,1,3,1,2,3,5,4,2,3,5,11,3,7,11,8,7,11,3,8,2,2,6,5,7,9,3,2,5,11,6,2,10,11,11,5,2,2,3,8,6,2
2025-12-13,Saturday,88,N,N,N,N,N,Y,15,12,Inverno,6,12,14,11,26,6,5,12,10,25,14,6,9,9,25,8,11,22,9,13,26,19,8,15,13,24,13,15,5,12,16,12,4,12,10,5,4,8,2,5,5,3,5,5,4,6,5,6,9,16,6,9,9,16,9,14,5,6,16,8,14,13,14,10,16,6,4,13,12,5,6,5,10,9,8,11,15,16
2025-12-14,Sunday,134,N,N,N,Y,Porto vs Sporting,Y,12,12,Inverno,10,8,30,26,27,13,22,6,24,16,24,19,18,35,21,31,13,30,36,24,33,22,27,26,22,39,20,18,15,6,13,24,13,6,10,6,13,4,3,9,13,7,2,8,9,3,13,16,26,22,22,16,18,10,11,8,20,21,23,8,23,10,9,16,22,26,10,17,23,23,6,23,20,23,8,9,15,17
2025-12-15,Monday,34,N,N,N,N,N,Y,15,12,Inverno,5,1,8,4,8,3,2,2,5,6,3,2,5,9,7,6,6,8,10,3,9,6,5,3,7,3,4,6,2,3,4,1,2,2,4,3,3,1,2,2,3,2,2,1,0,2,2,3,5,1,5,3,5,3,6,6,2,4,3,3,5,4,6,4,6,1,3,3,4,1,3,3,6,5,4,3,6,1
2025-12-16,Tuesday,32,N,N,N,N,N,N,9,12,Inverno,1,1,8,6,4,5,5,3,5,4,5,1,6,8,8,3,7,9,5,5,3,8,4,8,6,5,6,1,2,3,2,5,4,4,1,4,0,1,0,2,1,1,1,2,1,1,0,1,4,5,5,4,2,5,3,6,2,5,3,2,6,6,5,2,4,4,4,3,2,1,3,3,1,2,5,2,2,1
2025-12-17,Wednesday,46,N,N,N,N,N,N,18,12,Inverno,7,9,10,4,8,3,3,6,7,13,5,4,2,8,8,12,12,13,6,8,9,4,8,10,12,4,3,3,6,4,9,6,6,6,3,3,0,2,2,4,2,3,3,1,1,2,3,3,4,5,5,9,9,4,8,6,5,9,6,4,8,6,3,2,6,8,7,9,3,3,4,9,8,5,7,4,3,2
2025-12-18,Thursday,36,N,N,N,N,N,Y,15,12,Inverno,7,4,6,2,8,5,2,7,3,7,10,6,7,6,8,6,8,4,7,5,8,9,4,5,6,10,5,3,4,1,4,4,5,6,2,2,1,1,1,3,2,2,3,1,2,1,0,4,3,7,4,1,1,1,7,1,3,6,2,7,2,7,4,3,6,5,4,6,7,7,5,6,6,6,3,1,7,5
2025-12-19,Friday,46,N,N,N,N,N,Y,6,12,Inverno,4,7,11,3,4,7,2,5,7,8,7,7,6,5,8,10,8,13,5,6,9,12,12,13,11,11,8,8,4,4,6,9,8,3,8,4,2,1,3,2,0,2,4,0,3,1,0,4,7,9,6,5,8,6,5,9,8,3,5,6,8,6,2,3,8,7,4,9,6,5,5,2,2,3,8,3,6,7
2025-12-20,Saturday,150,N,N,N,N,N,Y,9,12,Inverno,24,16,17,22,20,14,19,24,13,31,17,22,22,18,17,42,22,15,29,35,38,28,37,31,42,34,27,21,14,18,25,21,20,26,17,18,11,7,14,14,13,3,9,11,13,14,3,28,15,7,24,7,7,10,15,17,27,26,24,29,10,23,11,29,8,17,9,9,19,10,8,25,26,24,28,17,25,8
2025-12-21,Sunday,150,N,N,N,Y,Sporting vs Benfica,N,15,12,Inverno,21,26,28,30,28,9,24,15,30,33,21,10,10,27,42,31,18,45,43,33,28,42,29,23,41,39,7,16,9,20,22,23,21,22,22,15,6,11,11,12,15,10,13,5,9,9,7,7,30,17,23,25,30,12,23,17,14,10,19,11,24,26,28,11,8,13,28,10,19,7,18,7,26,22,17,11,22,24
2025-12-22,Monday,49,N,N,N,N,N,N,13,12,Inverno,6,8,6,6,7,7,9,7,2,9,8,7,2,8,14,5,7,4,11,14,12,4,11,7,9,9,5,5,5,2,2,5,2,4,2,7,0,4,4,3,0,4,1,2,3,0,1,2,9,4,3,6,4,5,6,2,7,8,5,9,8,5,9,2,4,7,8,9,4,5,9,9,2,3,7,6,6,9
2025-12-23,Tuesday,71,N,N,N,N,N,N,10,12,Inverno,14,7,8,7,17,4,14,11,5,13,8,8,11,7,14,19,8,18,14,7,14,7,15,10,9,16,10,8,10,6,9,6,4,13,13,10,2,5,3,3,6,7,5,2,4,3,5,11,9,7,12,5,4,5,4,9,11,8,9,7,9,8,3,10,13,5,5,5,7,10,8,6,8,6,5,8,6,5
2025-12-24,Wednesday,79,N,N,N,N,N,Y,13,12,Inverno,13,10,13,4,19,14,12,15,4,15,23,13,12,22,23,18,8,22,11,15,21,23,16,23,21,21,9,5,6,9,12,4,5,10,6,3,7,2,7,5,2,2,4,3,4,4,2,13,11,6,6,7,6,13,5,14,7,4,7,11,11,11,10,14,5,10,6,9,14,11,4,7,14,5,13,4,15,3
2025-12-25,Thursday,47,Y,N,Y,N,N,N,10,12,Inverno,5,5,7,9,14,9,8,5,3,11,6,7,8,11,4,5,9,11,5,10,13,8,11,7,8,7,6,9,5,7,2,5,8,5,3,6,2,4,0,2,0,2,1,3,4,2,2,7,3,8,9,4,9,2,9,8,6,3,8,2,5,4,6,7,3,7,2,4,7,9,7,2,8,8,7,8,4,2
2025-12-26,Friday,85,N,N,Y,N,N,Y,15,12,Inverno,14,12,11,5,11,17,12,14,10,17,12,12,9,17,22,21,12,18,16,20,10,16,11,23,13,14,10,9,7,5,4,8,13,8,9,5,6,5,3,3,4,1,3,8,3,7,2,9,17,15,11,8,5,12,16,8,10,12,4,15,8,5,7,14,6,10,6,17,14,10,4,5,4,5,13,17,5,13
2025-12-27,Saturday,150,N,N,Y,N,N,N,8,12,Inverno,12,9,45,23,33,7,15,25,27,35,39,9,26,30,36,21,18,15,41,32,27,40,43,25,27,26,27,22,17,11,9,20,12,8,28,22,4,9,6,7,6,11,3,5,3,8,15,10,24,24,9,24,16,24,16,16,8,10,24,12,22,12,14,12,18,27,10,25,11,20,25,8,9,12,9,17,22,7
2025-12-28,Sunday,150,N,N,Y,Y,Benfica vs Braga,N,25,12,Inverno,11,27,41,19,17,17,22,27,13,31,43,19,13,35,31,39,37,18,17,16,35,31,41,36,32,33,11,20,9,18,29,14,21,26,28,11,10,6,4,15,3,7,8,4,10,10,5,25,8,22,29,21,12,24,13,25,21,22,7,16,30,22,19,18,24,22,20,17,23,12,19,25,24,22,15,9,7,16
2025-12-29,Monday,69,N,N,Y,N,N,N,12,12,Inverno,3,6,12,8,15,3,5,4,7,11,7,4,4,8,6,6,7,7,14,18,20,7,14,9,13,9,8,12,5,6,6,5,7,4,9,10,1,2,3,1,2,2,3,6,3,2,4,5,6,5,4,10,3,8,6,3,3,12,8,11,8,6,13,7,4,10,6,13,13,4,9,10,6,7,10,12,8,11
2025-12-30,Tuesday,77,N,N,Y,N,N,Y,17,12,Inverno,6,14,23,13,20,15,13,9,3,9,14,10,6,20,21,22,23,19,21,14,20,11,22,17,8,21,5,7,6,7,15,13,6,5,13,6,5,6,6,5,7,5,1,2,2,5,6,5,8,3,8,7,11,14,9,4,11,5,12,8,6,6,4,9,13,4,3,15,8,6,6,4,11,15,10,9,13,3
2025-12-31,Wednesday,62,N,N,Y,N,N,Y,10,12,Inverno,3,6,13,7,15,5,4,11,10,14,10,12,10,9,15,7,17,13,9,8,13,11,10,10,14,7,4,3,9,4,3,6,5,11,7,6,5,2,1,1,3,5,5,2,6,2,3,3,5,3,12,7,7,4,11,3,7,10,3,8,4,9,4,10,12,4,11,6,10,8,12,7,10,9,5,3,11,5
2026-01-01,Thursday,35,Y,N,Y,N,N,Y,18,1,Inverno,3,7,10,6,7,2,4,6,6,6,10,1,7,8,10,7,4,4,6,3,6,5,4,5,10,7,3,2,2,2,3,2,5,3,3,1,1,0,3,3,0,0,0,1,0,1,0,6,1,7,4,7,2,2,2,6,2,7,1,5,5,1,1,6,3,7,5,2,2,2,1,4,4,5,4,6,3,3
2026-01-02,Friday,48,N,N,Y,N,N,Y,19,1,Inverno,5,4,7,6,8,8,5,2,5,11,14,5,2,5,14,11,9,4,12,13,13,13,10,9,5,8,3,4,6,5,5,6,6,8,2,5,3,4,1,0,0,4,0,0,4,4,4,9,3,8,4,4,7,9,9,6,4,7,3,6,2,3,2,2,6,8,6,9,6,9,5,5,4,4,3,6,2,6
2026-01-03,Saturday,102,N,N,Y,N,N,Y,16,1,Inverno,20,5,21,8,15,17,9,11,13,12,25,5,19,30,29,16,11,16,10,16,15,16,27,10,17,11,8,17,13,13,14,18,15,5,13,9,10,4,9,9,2,9,3,4,6,4,9,15,17,12,12,5,5,17,9,9,12,8,7,6,18,5,8,11,17,9,19,14,16,8,18,11,7,11,5,16,14,5
2026-01-04,Sunday,138,N,N,Y,Y,Benfica vs Porto,Y,15,1,Inverno,23,16,38,8,22,15,26,24,24,41,17,12,7,24,35,17,16,28,19,34,33,33,38,39,26,18,6,24,9,12,16,10,18,20,18,13,3,4,5,9,10,8,10,5,8,5,13,20,10,14,22,23,12,11,6,26,15,15,20,11,9,20,14,13,6,17,23,19,10,14,22,8,14,11,14,6,25,26
2026-01-05,Monday,59,N,N,Y,N,N,N,16,1,Inverno,11,7,16,5,15,3,3,6,4,11,8,6,11,9,13,16,14,11,9,16,14,10,5,16,7,12,2,8,8,2,2,6,3,7,6,4,5,2,4,4,5,4,1,5,4,5,2,7,3,8,6,5,7,5,2,5,9,4,4,8,8,7,2,8,7,5,3,10,9,6,11,10,2,2,2,11,6,7
2026-01-06,Tuesday,41,N,N,N,N,N,N,21,1,Inverno,8,2,4,5,6,7,3,6,2,9,12,6,3,9,6,7,6,6,6,11,12,11,6,8,10,8,6,5,5,3,7,4,6,3,4,3,2,2,0,4,3,2,4,2,3,3,1,3,8,7,2,6,8,6,6,4,4,6,8,7,5,2,3,6,3,3,2,6,2,3,2,2,5,6,7,8,4,8
2026-01-07,Wednesday,35,N,N,N,N,N,N,25,1,Inverno,3,3,9,1,5,1,5,3,6,10,5,2,4,5,5,8,7,8,6,5,3,5,4,6,8,4,5,2,3,3,3,4,2,2,7,5,0,3,0,2,3,3,2,3,0,0,3,5,4,7,1,2,6,5,2,3,6,5,2,6,2,7,7,1,7,7,1,4,7,6,4,2,7,7,5,6,2,6
2026-01-08,Thursday,33,N,N,N,N,N,N,23,1,Inverno,5,2,6,3,7,6,1,6,5,8,8,5,5,6,7,6,8,5,3,6,7,6,4,6,3,9,6,5,4,2,5,5,3,3,1,1,3,3,0,0,0,1,1,3,0,0,1,1,4,3,2,1,1,5,5,5,4,6,2,3,2,6,6,5,1,3,5,3,6,5,3,3,1,3,6,2,6,5
2026-01-09,Friday,52,N,N,N,N,N,N,24,1,Inverno,7,8,14,10,11,10,2,7,2,9,13,5,2,5,6,12,14,7,9,11,6,8,14,8,15,12,10,6,6,5,7,10,5,3,6,5,4,1,1,4,5,4,5,5,5,3,3,2,7,9,10,10,9,4,2,10,3,4,10,5,9,9,8,6,3,10,8,10,4,7,8,7,9,7,10,10,10,5
2026-01-10,Saturday,89,N,N,N,N,N,N,22,1,Inverno,16,5,9,11,18,13,9,5,4,25,16,8,6,23,25,10,20,13,23,18,22,13,20,24,24,11,11,11,12,13,14,9,6,17,4,7,1,1,7,8,7,2,1,1,2,4,4,14,7,13,5,16,10,4,8,10,11,17,4,17,16,13,4,12,17,10,10,9,5,14,10,6,14,9,12,8,4,9
2026-01-11,Sunday,150,N,N,N,Y,Sporting vs Braga,Y,5,1,Inverno,11,29,29,10,28,18,19,15,8,23,42,20,18,40,37,17,20,22,38,21,45,34,45,25,44,37,21,25,8,9,10,30,11,10,20,7,14,5,4,10,4,4,15,11,4,7,13,16,9,8,23,17,15,16,27,10,21,22,26,24,15,28,24,7,27,23,25,18,24,18,11,14,14,8,23,24,18,11
2026-01-12,Monday,48,N,N,N,N,N,Y,15,1,Inverno,9,7,12,3,8,3,8,8,7,13,13,6,7,9,14,9,4,5,14,7,14,7,10,5,7,10,8,2,5,6,3,8,9,9,8,5,1,4,3,0,3,2,2,4,1,3,3,2,9,9,9,7,7,9,4,7,7,2,7,5,9,7,2,5,5,7,3,5,4,7,8,8,3,3,2,5,7,4
2026-01-13,Tuesday,39,N,N,N,N,N,Y,8,1,Inverno,7,5,11,2,9,6,3,2,4,6,7,3,5,3,9,9,9,3,3,4,7,11,11,9,6,3,6,6,3,1,3,5,1,1,7,4,0,2,3,3,1,0,0,3,1,3,2,1,7,5,4,1,7,2,6,7,4,5,5,7,2,5,2,1,3,7,4,1,5,2,3,6,5,2,1,2,5,3
2026-01-14,Wednesday,47,N,N,N,N,N,Y,5,1,Inverno,9,2,11,2,14,9,7,9,5,7,4,6,4,9,8,9,4,4,12,4,14,4,7,14,5,14,9,7,2,3,9,8,7,9,7,6,0,4,1,3,3,3,0,2,1,4,1,8,3,6,8,4,6,9,2,8,4,2,5,5,9,9,5,2,3,2,2,6,7,4,5,4,2,4,2,9,3,8
2026-01-15,Thursday,39,N,N,N,N,N,Y,9,1,Inverno,6,2,11,6,6,2,5,1,4,7,11,1,2,11,10,4,7,8,4,5,4,7,7,3,4,10,3,1,1,3,3,4,2,3,7,1,1,3,1,0,1,3,0,1,2,2,2,1,7,5,5,5,4,6,6,7,6,3,5,7,1,6,1,3,2,5,4,4,4,2,1,1,4,1,2,7,2,1
2026-01-16,Friday,50,N,N,N,N,N,Y,5,1,Inverno,4,6,8,4,5,5,4,7,4,5,15,8,4,9,8,10,6,6,10,13,5,11,11,7,9,7,3,7,2,6,4,6,8,8,2,7,3,1,3,4,1,4,4,1,3,1,1,8,4,2,4,2,8,8,3,9,6,10,7,2,7,7,4,5,7,4,7,7,7,3,8,5,5,5,3,4,9,3
2026-01-17,Saturday,107,N,N,N,N,N,N,7,1,Inverno,8,6,21,19,27,7,8,21,20,10,19,12,7,28,31,15,32,23,26,18,16,21,30,26,15,20,12,19,10,11,13,12,16,13,13,8,10,3,4,7,4,7,2,5,5,3,5,5,18,17,21,6,21,8,11,21,20,10,12,13,13,14,9,17,5,8,21,15,5,19,20,6,16,20,8,17,20,18
2026-01-18,Sunday,150,N,N,N,Y,Porto vs Sporting,N,24,1,Inverno,17,21,27,19,40,18,12,13,27,15,38,16,13,32,41,43,26,34,34,42,34,45,21,18,18,29,15,16,11,8,15,12,13,13,25,16,10,3,5,7,4,10,13,10,12,11,13,30,19,21,30,14,29,20,7,26,30,8,22,26,25,13,20,23,24,23,14,8,16,22,24,10,13,25,10,24,19,8
2026-01-19,Monday,33,N,N,N,N,N,N,13,1,Inverno,5,4,6,1,7,4,4,1,6,8,4,6,6,8,6,9,8,8,4,9,5,7,8,6,8,9,6,6,2,3,2,6,3,2,1,4,0,2,0,2,3,2,1,3,2,2,3,1,5,3,6,2,2,2,4,6,3,4,3,6,1,3,5,3,3,6,4,4,3,5,6,5,1,4,2,6,4,1
2026-01-20,Tuesday,48,N,N,N,N,N,N,13,1,Inverno,6,7,14,9,5,7,6,9,3,9,10,2,9,6,14,12,7,12,8,10,7,6,6,13,6,4,8,5,2,5,5,3,5,5,8,4,3,0,2,1,1,1,4,4,2,1,0,5,2,7,5,3,7,2,8,7,6,9,7,2,6,2,7,7,3,2,6,7,5,9,2,5,6,8,5,4,2,4
2026-01-21,Wednesday,37,N,N,N,N,N,N,6,1,Inverno,1,4,11,1,5,5,4,5,5,4,3,1,7,9,4,11,8,8,9,5,10,6,7,4,4,5,5,1,2,2,5,6,1,2,5,3,3,1,0,3,0,2,0,2,0,3,2,6,3,1,5,4,5,6,4,3,1,2,1,2,1,5,5,4,2,3,5,6,4,4,1,6,2,7,6,6,4,6
2026-01-22,Thursday,57,N,N,N,N,N,N,18,1,Inverno,6,6,15,2,15,5,8,6,5,14,10,11,2,15,14,10,8,15,7,5,13,15,12,13,15,5,11,4,3,5,8,9,11,4,7,3,4,3,1,1,5,5,5,5,4,4,5,2,7,4,8,6,2,9,6,9,2,9,8,9,7,11,8,2,8,6,5,5,10,6,11,3,10,3,6,10,8,2
2026-01-23,Friday,48,N,N,N,N,N,Y,16,1,Inverno,2,6,9,4,13,4,9,8,4,12,11,9,6,5,14,8,12,5,11,13,14,13,9,6,4,13,2,4,5,7,2,4,6,3,8,7,2,4,3,1,1,4,3,1,4,3,2,2,7,3,2,4,8,9,8,3,9,5,5,2,3,9,3,5,3,7,3,8,8,5,2,8,4,8,6,6,7,3
2026-01-24,Saturday,119,N,N,N,N,N,N,24,1,Inverno,8,20,29,21,27,16,23,12,21,30,25,5,21,19,19,19,19,26,33,11,33,19,31,21,17,27,15,15,12,12,11,7,20,6,17,11,10,6,6,6,6,10,6,10,11,4,4,11,21,23,23,17,8,8,13,19,14,13,6,12,23,23,10,9,10,6,16,8,18,5,8,21,23,17,18,15,23,20
2026-01-25,Sunday,128,N,N,Y,Y,Benfica vs Sporting,Y,16,1,Inverno,12,14,30,25,17,10,14,19,13,31,27,18,23,24,24,28,27,23,21,30,26,13,27,28,31,32,18,7,15,14,17,13,12,7,23,11,9,9,10,12,11,11,7,2,2,6,8,11,13,25,9,14,18,23,6,23,14,22,18,18,12,24,14,21,6,23,11,12,18,11,24,10,6,9,8,12,14,21
2026-01-26,Monday,55,N,N,Y,N,N,Y,18,1,Inverno,8,6,8,7,6,5,7,3,6,12,13,6,9,12,12,12,9,12,5,8,13,14,13,11,5,15,11,7,5,7,11,11,10,11,3,3,2,5,3,4,5,3,2,1,2,3,4,9,10,11,8,11,8,7,4,4,6,3,6,4,8,7,11,9,10,2,5,9,10,3,10,4,7,3,6,3,8,11
2026-01-27,Tuesday,48,N,N,Y,N,N,N,24,1,Inverno,3,9,9,5,6,3,3,4,4,4,10,8,9,8,13,14,4,7,4,14,6,13,10,8,11,9,5,8,5,3,6,4,8,7,7,5,1,1,0,3,2,4,3,4,4,1,3,3,8,7,4,2,2,4,9,2,4,9,3,9,9,4,2,6,7,4,7,3,2,7,4,4,6,5,9,5,3,2
2026-01-28,Wednesday,39,N,N,Y,N,N,Y,18,1,Inverno,6,7,3,1,4,1,2,2,2,11,8,5,5,3,8,10,11,9,9,3,4,7,9,7,6,6,4,4,4,3,5,6,3,1,7,2,0,3,3,3,2,2,0,2,1,3,3,6,3,3,7,6,4,1,3,2,3,4,3,6,2,6,2,1,6,5,2,1,6,3,1,1,3,5,3,5,1,4
2026-01-29,Thursday,43,N,N,Y,N,N,N,13,1,Inverno,4,8,4,5,12,2,4,2,3,5,5,2,2,7,9,7,12,11,9,7,11,6,6,11,8,12,4,7,3,6,5,4,6,5,8,4,1,2,2,2,2,4,3,0,3,2,1,7,2,4,6,7,5,4,3,7,4,7,6,8,3,2,4,3,6,4,7,5,8,2,4,7,8,2,5,5,8,3
2026-01-30,Friday,67,N,N,Y,N,N,Y,12,1,Inverno,10,5,20,11,6,10,12,8,5,18,7,4,11,11,16,12,12,7,20,15,13,8,14,20,7,9,9,9,3,3,11,7,6,13,8,4,1,2,3,4,1,3,1,5,6,1,2,9,10,10,11,7,11,6,4,4,5,7,11,11,11,12,10,8,5,10,5,8,5,13,13,4,9,8,5,13,9,7
